park_code,park_name,jan,feb,mar,apr,may,jun,jul,aug,sep,oct,nov,dic
abli,Abraham Lincoln Birthplace National Historical Park,1939,6534,14566,16496,24646,26854,37334,34816,32877,19425,15975,6764
acad,Acadia National Park,8532,9154,20161,68046,226156,490720,756439,759735,603273,436194,46011,12865
adam,Adams National Historical Park,27,179,253,537,13187,23963,75333,26011,19602,22021,6031,256
afbg,African Burial Ground National Monument,96,1571,1395,5022,5482,4621,5520,4332,4384,8667,2058,4279
agfo,Agate Fossil Beds National Monument,0,94,401,391,2188,3276,4222,2775,2227,780,253,50
alfl,Alibates Flint Quarries National Monument,42,272,806,1140,1054,1074,1030,534,965,1052,601,277
alpo,Allegheny Portage Railroad National Historic Site,9975,8874,11908,16847,16008,19590,23073,20404,19387,18642,13453,11028
amis,Amistad National Recreation Area,64128,70392,73512,132270,133542,110780,145472,123571,94169,131963,88876,99225
ande,Andersonville National Historic Site,1106,6753,12810,10645,14245,6824,9047,5620,6914,10764,9872,9035
anjo,Andrew Johnson National Historic Site,2659,3506,3705,4190,6347,5590,5583,4353,3775,4227,3199,4055
ania,Aniakchak National Monument & Preserve,0,0,0,0,0,20,35,35,10,0,0,0
anti,Antietam National Battlefield,1280,6421,15462,24037,33228,37948,48965,33531,27684,28643,16173,13971
apis,Apostle Islands National Lakeshore,0,4424,4602,4311,14080,31904,67657,64711,30468,14045,2537,1874
apco,Appomattox Court House National Historical Park,116,2284,5725,14285,13468,14108,14600,10358,10634,8820,4811,3188
arch,Arches National Park,21499,30239,132191,168788,217474,225206,208993,184890,207857,149764,73420,39381
arpo,Arkansas Post National Memorial,546,1495,3595,2241,4855,3790,3792,2122,1718,1747,1392,1226
arho,"Arlington House, The Robert  E. Lee Memorial",0,0,0,0,0,0,0,0,0,0,0,0
asis,Assateague Island National Seashore,64032,43977,74089,153044,199049,312094,502416,453668,274394,144479,76779,46515
azru,Aztec Ruins National Monument,438,1207,4174,5296,6799,9223,9167,6361,7593,7869,2605,3045
badl,Badlands National Park,8981,8059,16517,25083,71885,201516,250898,207743,118262,37727,15450,8877
band,Bandelier National Monument,187,4949,18780,25153,27574,24546,22534,18447,17263,22166,10256,8886
bepa,Belmont-Paul Women's Equality National Monument,23,561,1486,990,905,1344,461,789,815,1094,899,546
beol,Bent's Old Fort National Historic Site,36,441,1526,1779,4172,3251,2844,2117,2379,1434,774,921
bela,Bering Land Bridge National Preserve,260,127,292,216,172,148,438,156,61,422,182,168
bibe,Big Bend National Park,29318,43129,83826,49312,37411,21228,21747,17238,21246,42724,50688,45965
bicy,Big Cypress National Preserve,86391,183754,112730,67562,62298,49683,49956,53820,66352,75219,99814,99892
biho,Big Hole National Battlefield,94,263,479,721,6253,8173,10502,8969,6338,3268,506,295
biso,Big South Fork National River & Recreation Area,34256,42159,41577,61262,95441,87592,66724,72051,80407,75688,55058,38279
bith,Big Thicket National Preserve,9372,14046,14859,23174,28055,22177,22504,26920,28408,23715,25929,16767
bica,Bighorn Canyon National Recreation Area,5713,4082,7091,14104,26038,47620,41646,63717,23104,7016,4569,4959
bisc,Biscayne National Park,50873,59754,76685,64172,79779,65173,60239,46191,46723,38582,59948,60403
blca,Black Canyon Of The Gunnison National Park,4921,6369,12180,25077,75198,75289,51368,80046,48420,25828,22684,5438
blri,Blue Ridge Parkway,346381,472547,702102,1215176,1505593,1686773,1706627,1845584,1712713,1865647,1245446,671496
blue,Bluestone National Scenic River,75,84,218,375,3800,6659,9530,6939,5299,4684,0,0
bowa,Booker T Washington National Monument,85,1316,1808,2399,2034,3380,2917,2589,1438,3111,1485,2078
boaf,Boston African American National Historic Site,2349,6113,5988,7817,41769,100652,95579,88618,32197,21473,10269,6761
bost,Boston National Historical Park,54898,82987,153851,229628,298885,405914,505800,456429,353098,359876,172784,127684
brvb,Brown v. Board of Education National Historic Site,41,906,2158,1894,2889,2551,3183,1896,1397,1626,1950,922
brca,Bryce Canyon National Park,36860,29813,75853,207061,327975,398290,401970,383458,392428,232094,65748,43354
buis,Buck Island Reef National Monument,3709,3688,4494,3652,2639,3780,4137,3017,1208,1283,2364,3114
buff,Buffalo National River,18144,25119,71116,113657,172613,319042,181692,148993,114939,82878,42257,35832
cabr,Cabrillo National Monument,6806,56248,76140,72306,66020,70746,91365,77624,62052,58619,62287,61272
cana,Canaveral National Seashore,29020,211401,162987,195898,246616,200381,162947,165527,138980,118089,129264,123012
cari,Cane River Creole National Historical Park,41,1368,2992,2717,2977,3440,4188,3303,1012,3748,2465,1671
cach,Canyon de Chelly National Monument,20409,20192,35139,18779,50574,44751,46786,51391,43466,39810,52740,36720
cany,Canyonlands National Park,7146,9705,60792,89861,114464,92295,64672,69297,97817,82642,31582,13723
caco,Cape Cod National Seashore,114182,131478,158934,216513,361965,444653,660198,752184,554274,329706,181896,190121
caha,Cape Hatteras National Seashore,72767,72796,135597,205590,263356,384260,438846,398662,242139,188710,122516,81393
cakr,Cape Krusenstern National Monument,1098,835,634,708,778,1398,1700,1670,1438,1687,2569,1711
calo,Cape Lookout National Seashore,21586,15944,23471,65099,35635,47699,54214,59624,38323,41008,26383,26540
care,Capitol Reef National Park,11893,12368,73416,147156,196840,151410,129372,127341,170057,146664,42859,17143
cavo,Capulin Volcano National Monument,194,3324,5767,3634,7794,15510,20642,10050,5743,4257,2315,2387
carl,Carl Sandburg Home National Historic Site,162,4617,12855,9824,8261,5983,7501,6488,6674,7283,4464,4032
cave,Carlsbad Caverns National Park,3093,19470,56581,37543,41516,57111,69444,36354,28455,33014,27519,30591
cawo,Carter G. Woodson Home National Historic Site,0,208,129,535,154,330,183,227,53,224,93,245
cagr,Casa Grande Ruins National Monument,1606,12240,14582,6509,4565,3203,2663,2119,3026,4956,5731,7179
casa,Castillo de San Marcos National Monument,5092,61948,96568,72194,58673,60200,75495,43197,27316,39668,59650,73394
cacl,Castle Clinton National Monument,181143,193675,269440,412122,413828,468687,558814,550729,372332,375893,271108,293263
cato,Catoctin Mountain Park,9339,3243,21266,25887,9419,48622,34384,32928,34645,42065,23371,11677
cebr,Cedar Breaks National Monument,15235,4167,1948,7870,20813,79434,134469,116109,98651,70311,21712,9142
cech,César E. Chávez National Monument,0,907,2503,1264,1342,1096,1630,1768,1798,1606,1312,1264
chcu,Chaco Culture National Historical Park,110,773,3590,5949,7104,4543,5590,4228,7267,4167,2672,1349
cham,Chamizal National Memorial,639,2938,1794,9271,3448,3394,1546,2049,3690,4992,2458,2009
chis,Channel Islands National Park,9193,22263,34951,39218,39070,44915,47581,49793,38681,36691,25212,22062
chpi,Charles Pinckney National Historic Site,79,5670,3950,3294,3129,3102,3483,2484,3127,2981,2457,1739
chyo,Charles Young Buffalo Soldiers National Monument,122,815,1100,820,1460,1550,1379,2429,2745,378,766,542
chat,Chattahoochee River National Recreation Area,204389,133850,202255,244182,369867,439384,301019,391718,332490,281956,321310,170713
choh,Chesapeake & Ohio Canal National Historical Park,199712,200441,287249,425458,512921,704171,622845,569556,574676,426628,358222,234908
chch,Chickamauga & Chattanooga National Military Park,51862,62526,89200,88562,93698,93095,97942,87375,87183,75900,78218,71597
chic,Chickasaw National Recreation Area,46767,63363,85970,95164,164229,217020,230406,211904,134817,63284,53306,56382
chir,Chiricahua National Monument,2083,5719,12479,9002,6250,2899,2763,2532,2574,5351,4612,4391
chri,Christiansted National Historic Site,7398,10305,11539,8869,8330,8685,8760,7797,7762,8131,8023,7995
ciro,City Of Rocks National Reserve,188,188,302,2270,15628,23582,13936,16659,12082,7896,3885,2695
clba,Clara Barton National Historic Site,0,100,350,450,450,450,450,450,450,400,350,200
colo,Colonial National Historical Park,136446,107039,285752,340954,328825,365948,389391,361274,321973,322718,193094,173854
colm,Colorado National Monument,17335,11779,22153,35626,47502,45087,49299,53897,48749,31552,19974,14079
cong,Congaree National Park,7000,10910,17121,15408,28786,13282,10936,11028,8312,13902,11765,10995
coro,Coronado National Memorial,8046,5505,14045,8739,9526,7218,7386,12838,11072,7592,12309,26052
cowp,Cowpens National Battlefield,2041,19021,21798,17586,19428,21960,20946,38556,17157,18194,14719,12007
crla,Crater Lake National Park,3120,2436,4800,15898,44808,103442,201191,163472,98266,41635,16843,8601
crmo,Craters Of The Moon National Monument & Preserve,102,5134,6938,15959,28666,51116,55562,47304,40804,10636,6556,3447
cuga,Cumberland Gap National Historical Park,164,31274,53292,77489,68678,72887,85082,77974,68560,75831,57344,36023
cuis,Cumberland Island National Seashore,268,3290,8362,7432,6430,4803,5194,2748,2030,5536,4959,2852
cure,Curecanti National Recreation Area,16484,15874,17746,25621,55592,130551,222352,144598,86658,70536,36461,13561
cuva,Cuyahoga Valley National Park,88020,82061,126521,177318,225949,284079,284928,285616,226681,203708,142329,110787
daav,Dayton Aviation Heritage National Historical Park,677,2144,4932,9485,13570,10795,11572,7967,8331,7970,5374,11892
deso,De Soto National Memorial,2589,25594,26550,14485,15011,15185,11831,14270,8373,15162,18987,19843
deva,Death Valley National Park,111954,112925,178553,177696,155378,122013,142487,165632,168894,138152,132013,135248
dewa,Delaware Water Gap National Recreation Area,130962,156297,146048,249160,336632,355136,510552,434019,328025,301758,254518,171758
dena,Denali National Park & Preserve,96,2603,4613,3686,53995,144156,168078,154044,61504,3863,1799,2715
depo,Devils Postpile National Monument,0,0,0,0,0,775,45648,44879,31954,24608,0,0
deto,Devils Tower National Monument,2421,2066,4753,9686,33997,96663,113849,100207,62469,17290,4294,3090
dino,Dinosaur National Monument,1137,3189,5603,18794,36588,57804,62538,52365,29562,18868,7814,4703
drto,Dry Tortugas National Park,6179,6937,7417,7720,8124,8041,7692,6658,4694,4432,5336,5970
edal,Edgar Allan Poe National Historic Site,162,957,1566,1406,1446,1461,1608,1665,1224,1565,1574,893
efmo,Effigy Mounds National Monument,1714,2550,3142,2034,5723,9144,11405,10110,6512,9325,1856,2066
eise,Eisenhower National Historic Site,0,250,1262,3957,5235,6942,6542,5718,8362,5435,1833,1741
elma,El Malpais National Monument,2247,5671,13747,15330,17983,18582,17556,17514,16772,15771,10278,7473
elmo,El Morro National Monument,1337,2354,5112,5633,8063,9899,10073,7441,6523,6119,3614,2699
elro,Eleanor Roosevelt National Historic Site,88,570,1210,2237,4804,6344,6965,6914,7294,8612,1918,674
euon,Eugene O'Neill National Historic Site,5,140,282,268,288,620,255,255,296,233,152,150
ever,Everglades National Park,85838,96953,146859,131278,77435,68267,63394,80177,60469,70222,103643,133765
feha,Federal Hall National Memorial,2720,15121,21239,28577,27693,31307,36042,33851,15888,20505,16351,15555
fiis,Fire Island National Seashore,4163,8406,10772,13027,28430,46572,80760,99007,47798,25520,15552,11304
fila,First Ladies National Historic Site,110,175,257,284,1195,1590,1470,1290,970,896,908,1768
flni,Flight 93 National Memorial,3070,6837,17606,27680,45431,45987,56264,51672,61091,62387,24130,9071
flfo,Florissant Fossil Beds National Monument,296,1888,2945,4272,7647,12744,14114,12295,10789,6340,2590,1420
foth,Ford's Theatre,6472,25347,66948,87384,74006,74006,66618,31285,23908,45381,33589,37429
fobo,Fort Bowie National Historic Site,445,989,1488,945,555,401,203,178,394,605,651,723
foda,Fort Davis National Historic Site,356,3664,9547,5276,4598,4138,4506,2903,3456,4856,4763,3932
fodo,Fort Donelson National Battlefield,15764,12730,18481,27779,34989,33207,17142,22746,25134,19006,14153,13300
fofr,Fort Frederica National Monument,10646,16250,28702,19387,18538,21174,21681,14888,9865,18208,19271,13720
fola,Fort Laramie National Historic Site,13,605,1078,2260,4878,7898,9450,5950,6355,2942,828,635
fols,Fort Larned National Historic Site,20,620,1174,2182,4450,3345,4173,2928,2158,3292,1478,1138
foma,Fort Matanzas National Monument,20241,32131,79235,57376,62356,62567,86658,76275,25856,32560,38194,20339
fomc,Fort McHenry National Monument and Historic Shrine,486,18712,31629,54103,66277,50213,51087,50600,56251,19998,11496,8693
fone,Fort Necessity National Battlefield,1607,2268,4321,7607,39548,46160,54756,52716,32082,34186,25101,11752
fopo,Fort Point National Historic Site,40541,57164,125630,197520,149691,147455,153992,154135,117068,106396,86610,85147
fopu,Fort Pulaski National Monument,8812,28565,21449,42515,40183,37945,43460,33792,26312,35340,30177,25740
fora,Fort Raleigh National Historic Site,5230,5324,9369,17688,31409,48014,43000,37729,18817,15208,9860,6491
fosc,Fort Scott National Historic Site,135,574,1333,2800,3290,3087,2918,2198,2546,2242,1470,1475
fosm,Fort Smith National Historic Site,4466,6794,9386,10101,12288,9941,18522,10692,20064,11030,7169,5047
fost,Fort Stanwix National Monument,1879,1262,2106,5425,7967,11884,34923,10613,10610,6425,2760,1558
fosu,Fort Sumter and Fort Moultrie National Historical Park,39481,51578,83927,105391,82685,100365,118077,91702,36802,64850,52629,50407
foun,Fort Union National Monument,45,341,989,995,1476,1561,1494,1017,1290,1010,414,431
fous,Fort Union Trading Post National Historic Site,34,34,196,385,2169,3656,2517,1902,1351,462,162,99
fova,Fort Vancouver National Historic Site,51761,58676,55372,66250,98553,116876,132587,124641,96894,85075,56514,75015
fowa,Fort Washington Park,1034,7685,53852,45809,57676,63195,66778,43748,38388,17352,16756,11595
fobu,Fossil Butte National Monument,9,44,324,567,2186,4053,5052,3744,2936,1291,274,74
frde,Franklin Delano Roosevelt Memorial,64117,91467,342208,553920,518912,418325,315445,221632,220427,266144,195104,95872
frdo,Frederick Douglass National Historic Site,89,4496,6323,7537,6813,7537,8434,5031,3727,4088,3952,3036
frla,Frederick Law Olmsted National Historic Site,12,105,343,865,328,623,913,959,1703,1233,634,73
frsp,Fredericksburg & Spotsylvania National Military Park,62109,58749,69981,80641,91204,79236,89137,82618,74598,77453,74362,66712
frhi,Friendship Hill National Historic Site,524,690,1240,1338,2981,2768,3167,2541,14335,2348,1355,872
gaar,Gates Of The Arctic National Park & Preserve,0,0,74,91,454,647,2852,5399,966,35,0,0
jeff,Gateway Arch National Park,18962,51416,164238,138309,165964,296149,583866,208999,127764,122770,91836,85036
gate,Gateway National Recreation Area,504178,543132,653021,662417,818697,1055032,1223949,1085625,908313,733807,655858,561593
gari,Gauley River National Recreation Area,1528,2908,6392,7318,10359,8152,12448,8402,37022,18160,4858,1735
gegr,General Grant National Memorial,611,2870,4590,6421,7422,7737,37438,12219,12421,9190,7033,5900
gero,George Rogers Clark National Historical Park,633,2404,4104,11845,36257,8702,28453,15558,10039,9856,5608,6671
gewa,George Washington Birthplace National Monument,88,1184,6282,17780,16107,17804,21872,15284,10269,25508,5268,2220
gwca,George Washington Carver National Monument,123,2376,6697,7378,5035,3892,5032,3005,5492,5285,3620,1618
gwmp,George Washington Memorial Parkway,181007,308090,526192,764112,805582,733665,888824,864637,690369,643294,621793,459700
gett,Gettysburg National Military Park,13512,19119,57132,101306,145028,128930,118230,93228,82542,100427,46198,19465
gicl,Gila Cliff Dwellings National Monument,536,3530,10118,8535,8047,7118,7128,4389,4874,5897,3953,2489
glba,Glacier Bay National Park & Preserve,173,173,195,3642,121332,132054,152932,145002,111922,4319,172,171
glac,Glacier National Park,13581,11240,23989,35491,167403,544088,879711,771874,488909,78408,20008,15137
glca,Glen Canyon National Recreation Area,93477,85411,198242,409809,485027,739411,794257,581598,303009,361918,179137,99267
goga,Golden Gate National Recreation Area,858993,1003946,1351250,1382599,1232164,1408780,1371028,1383260,1479950,1435037,1109237,985983
gosp,Golden Spike National Historical Park,352,1047,3190,10278,49540,11412,11624,7824,6388,3551,1630,1318
gois,Governors Island National Monument,0,40,40,35,81095,104916,105625,145081,106971,47190,0,0
grca,Grand Canyon National Park,225056,213050,451228,562265,618598,643821,756860,700896,578852,551558,347847,324380
grpo,Grand Portage National Monument,45,1178,1951,1680,5619,14226,21929,28561,10659,6480,1389,1268
grte,Grand Teton National Park,56635,43913,65864,59105,278529,625441,775788,702022,517265,186487,48132,46433
grko,Grant-Kohrs Ranch National Historic Site,31,269,454,833,2514,3824,4747,3939,2169,4905,487,871
grba,Great Basin National Park,689,1060,2391,6100,11516,23246,23290,24674,22735,11772,3330,999
grsa,Great Sand Dunes National Park & Preserve,4404,5154,19541,25183,68473,122086,103293,81085,52946,32180,8606,4595
grsm,Great Smoky Mountains National Park,496743,421770,786305,999259,1096056,1469857,1613133,1411231,1273326,1408013,851419,720631
gree,Greenbelt Park,1437,5262,12559,18189,23552,23643,19030,18094,3436,1500,1000,1000
gumo,Guadalupe Mountains National Park,1049,9462,27831,20970,25204,14376,13540,10532,12157,23513,15161,15038
guco,Guilford Courthouse National Military Park,1938,6354,21320,21987,22593,19264,36241,12592,26027,23178,11346,21060
guis,Gulf Islands National Seashore,120594,299043,495965,564302,699278,561638,621752,569383,473992,412684,451902,329707
hafo,Hagerman Fossil Beds National Monument,4,678,2090,2001,3109,3915,4026,3166,2170,1296,753,560
hale,Haleakal&#257; National Park,53523,83666,93074,87763,85159,85338,86267,84618,98856,73204,72075,90851
hagr,Hamilton Grange National Memorial,495,3901,5074,5449,4971,6008,7997,8295,4409,5381,10485,8782
hamp,Hampton National Historic Site,15,2041,2243,2472,2642,2512,2334,2832,2134,2869,2544,3596
hafe,Harpers Ferry National Historical Park,161,2824,12869,28319,33285,41471,41765,40321,32330,36137,21958,8137
hstr,Harry S Truman National Historic Site,233,639,2349,2485,3316,4017,5063,3557,3142,3265,1788,892
havo,Hawai'i Volcanoes National Park,128836,120931,113452,103247,102792,113015,133249,125357,92720,96054,107457,131266
heho,Herbert Hoover National Historic Site,1088,2483,13869,7318,12954,13943,17001,20359,11425,10407,7289,7552
hofr,Home Of Franklin D Roosevelt National Historic Site,780,4732,6914,11968,15976,18420,16516,17913,17791,21164,9760,5175
home,Homestead National Monument of America,406,2188,2497,4885,9646,10080,7533,5874,6595,6998,2604,2330
hocu,Hopewell Culture National Historical Park,1226,1627,3838,4062,6477,7976,8956,9816,6548,5581,2592,1639
hofu,Hopewell Furnace National Historic Site,311,2098,3472,4172,4958,5781,6618,7319,7338,3694,2948,1152
hobe,Horseshoe Bend National Military Park,96,1961,6644,3756,6528,5381,8193,3853,2387,2348,2122,2103
hosp,Hot Springs National Park,73964,79322,125290,113397,136514,149049,139005,181982,143915,137861,108534,78320
hove,Hovenweep National Monument,572,615,2119,3961,5674,4976,4644,1815,5149,3976,1156,742
hutr,Hubbell Trading Post National Historic Site,78,653,2675,4664,6502,6590,7388,2800,5572,5660,740,6963
inde,Independence National Historical Park,59682,179578,309348,455740,548136,574706,553191,473898,409902,362563,336151,269564
indu,Indiana Dunes National Park,69916,85702,219070,107862,142403,302203,449968,290469,206226,105984,79674,74808
isro,Isle Royale National Park,4,37,55,61,1055,4837,7714,8798,3342,402,47,58
jaga,James A Garfield National Historic Site,50,2628,1902,4697,4701,5176,6910,4520,3495,3833,2073,1320
jela,Jean Lafitte National Historical Park and Preserve,14061,36734,66490,58066,54829,56752,49748,46991,51525,57565,50221,47347
jeca,Jewel Cave National Monument,12,143,2057,2811,8674,29473,47830,18656,10057,2845,832,99
jica,Jimmy Carter National Historic Site,279,3467,4610,6796,3562,4874,4122,2834,10839,2786,3736,2884
joda,John Day Fossil Beds National Monument,1627,1310,7340,14239,23956,25798,36000,33506,24326,13350,7980,7659
jofi,John Fitzgerald Kennedy National Historic Site,3,146,217,543,1853,3023,3531,3702,2885,8532,267,136
jomu,John Muir National Historic Site,1480,2811,4026,5704,3877,3615,4497,3535,3179,2957,2657,2387
jofl,Johnstown Flood National Memorial,7,2482,5484,13921,25716,13573,24461,29160,24844,24470,12444,6581
jotr,Joshua Tree National Park,195993,261230,469183,374789,250928,187551,138967,120911,160294,233995,291230,303476
kala,Kalaupapa National Historical Park,5913,5824,5834,5714,5713,5892,5828,5775,5775,5711,5677,5745
kaho,Kaloko-Honok&#333;hau National Historical Park,14780,25457,25804,19569,15169,23220,23028,15711,12995,14796,16334,26058
katm,Katmai National Park & Preserve,100,100,100,100,100,9690,37318,23772,12587,100,100,100
kefj,Kenai Fjords National Park,21,37,40,21,28944,91280,120632,78129,33346,4121,7,23
kemo,Kennesaw Mountain National Battlefield Park,99433,123121,253424,431357,119569,308321,318751,240941,224842,252719,133205,115367
kewe,Keweenaw National Historical Park,0,365,513,458,2067,2214,4244,4399,3714,2050,153,358
kimo,Kings Mountain National Military Park,7960,17326,22175,24931,28274,23838,26436,26317,27847,19160,23393,14374
klgo,Klondike Gold Rush National Historical Park,0,6,12,2,233882,250151,266219,219853,145778,1,52,205
klse,Klondike Gold Rush - Seattle Unit National Historical Park,610,3900,6831,7029,11330,16219,18563,17510,11467,6621,6049,3670
knri,Knife River Indian Villages National Historic Site,18,24,106,256,1312,1998,3030,1853,1196,364,141,56
kova,Kobuk Valley National Park,1098,695,764,808,778,1398,1750,1770,1538,1987,1569,1611
kowa,Korean War Veterans Memorial,97525,129739,332875,512768,546731,495499,373813,310592,301707,346976,235477,157931
lyba,LBJ Memorial Grove on the Potomac,16200,7425,16200,16875,18900,27000,27000,19799,21694,27136,26325,19692
lacl,Lake Clark National Park & Preserve,0,0,0,0,367,3751,5114,5580,2345,0,0,0
lake,Lake Mead National Recreation Area,463711,532361,649071,700689,721614,776181,793801,649731,631999,621325,539690,418876
lamr,Lake Meredith National Recreation Area,58612,84646,84569,81242,113234,250368,201896,178391,96336,74047,52311,52688
laro,Lake Roosevelt National Recreation Area,48961,48392,57391,69489,72258,204170,293703,280100,93586,78402,49674,62692
lavo,Lassen Volcanic National Park,8646,6561,7944,12477,25170,63803,105535,98109,75502,88428,12879,11985
labe,Lava Beds National Monument,2394,3453,3762,6471,10068,12909,19440,16869,14139,10458,5860,3807
lewi,Lewis and Clark National Historical Park,10818,7841,19314,19503,25824,37895,42651,40982,21485,22874,13438,8368
libo,Lincoln Boyhood National Memorial,37,1123,2383,4782,11453,28179,60560,7913,18719,1724,1492,349
liho,Lincoln Home National Historic Site,176,4841,12126,24994,36577,24601,29314,22486,14272,16983,7617,3829
linc,Lincoln Memorial,262421,317312,632384,949707,919307,835584,849280,765163,583200,648384,593472,451968
libi,Little Bighorn Battlefield National Monument,0,300,2837,7315,33060,61009,45953,37714,33720,15368,2605,1423
liri,Little River Canyon National Preserve,25235,39220,54924,57552,81555,75544,80614,58004,55090,41284,38498,42466
chsc,Little Rock Central High School National Historic Site,1704,10758,13502,11136,21234,16339,17368,14386,16843,18133,15253,12262
long,Longfellow House Washington's Headquarters National Historic Site,620,851,1295,2305,5054,9337,8219,8335,8660,6296,2237,1803
lowe,Lowell National Historical Park,1440,35507,25109,24685,33952,30219,190450,52149,16228,19620,44091,8086
lyjo,Lyndon B Johnson National Historical Park,922,9290,18351,15338,9202,9597,9905,5462,5544,8675,9205,10481
mawa,Maggie L Walker National Historic Site,135,917,1080,1246,876,825,1001,908,416,1135,646,417
maca,Mammoth Cave National Park,3651,10346,45779,55210,53461,76995,102436,72400,43525,48713,22247,16827
mana,Manassas National Battlefield Park,2955,23241,35516,63988,47060,55288,52170,38681,72540,47330,39415,32243
mapr,Manhattan Project National Historical Park,405,2690,4930,6889,9358,10875,11624,9473,8055,8416,4766,2389
manz,Manzanar National Historic Site,3202,3928,7762,11448,9724,10706,11160,10760,9342,9696,5800,3852
mabi,Marsh - Billings - Rockefeller National Historical Park,1356,1604,1748,1489,3275,5663,6661,7104,6076,7341,2092,1570
mlkm,"Martin Luther King, Jr. Memorial",98485,115573,372448,519424,501440,459701,397323,326336,272651,276480,208928,118773
malu,"Martin Luther King, Jr. National Historical Park",43730,83166,47301,61204,62300,62550,85000,72349,42500,62550,71000,68000
mava,Martin Van Buren National Historic Site,100,150,150,474,1555,3535,4472,3896,2433,2689,583,586
meve,Mesa Verde National Park,95,3414,14992,32428,60665,108231,113166,87133,70865,47270,10201,7743
miin,Minidoka National Historic Site,0,57,588,391,613,2920,4264,3464,856,430,32,32
mima,Minute Man National Historical Park,37648,27742,50337,124123,120867,110580,117180,106075,93288,122114,55468,51904
mimi,Minuteman Missile National Historic Site,32,299,1062,3084,8182,18422,36912,25404,21657,8992,974,756
miss,Mississippi National River and Recreation Area,14748,23989,28378,24273,44731,39590,50597,44205,32300,22234,26417,23220
mnrr,Missouri National Recreational River,3772,4269,5276,11933,10764,13746,12084,12303,29816,11367,7608,6342
moja,Mojave National Preserve,50479,51962,71407,74705,66365,66780,59659,74117,66019,67706,90706,101611
mono,Monocacy National Battlefield,5948,1940,10662,11873,14266,18238,16381,15657,21023,13115,7175,8691
moca,Montezuma Castle National Monument,4384,25480,54163,46903,39896,30264,27784,25385,28743,38844,30443,23965
mocr,Moores Creek National Battlefield,480,10722,5290,6425,6554,9752,8813,5600,4826,7503,5839,5202
morr,Morristown National Historical Park,628,14567,15397,28313,25772,27103,34704,25948,35543,28944,20415,13996
mora,Mount Rainier National Park,12933,11743,32101,29632,106136,219641,365200,378305,184166,74355,48248,39161
moru,Mount Rushmore National Memorial,19351,17547,34485,46477,146918,379108,522324,414171,265281,77952,22084,17842
muwo,Muir Woods National Monument,28031,37291,65398,74260,70917,93142,114799,102318,71198,53531,52380,48808
natc,Natchez National Historical Park,6198,9648,26436,23695,21049,16320,12391,11956,13929,19292,12843,8366
natr,Natchez Trace Parkway,485642,472579,550701,560343,540971,562198,578598,536957,562171,518106,469752,458023
npsa,National Park of American Samoa,792,3772,7152,7452,7772,3464,4059,4650,3933,6900,8456,1604
nabr,Natural Bridges National Monument,1051,895,5151,12159,16264,10677,7389,6673,12623,11138,3117,953
nava,Navajo National Monument,113,1397,3283,6052,5896,6230,6121,5939,6200,5215,2281,1256
nebe,New Bedford Whaling National Historical Park,3853,5903,7656,10776,12236,15416,21808,22492,13657,13748,7976,7906
jazz,New Orleans Jazz National Historical Park,400,3802,4845,4385,3355,4186,3173,3131,2647,3591,3416,4118
neri,New River Gorge National River,24106,28671,50675,95271,111068,177984,190138,157725,113614,158930,56165,31374
nepe,Nez Perce National Historical Park,6170,12537,6020,14958,20960,20787,24610,24426,24890,19582,19214,21914
nico,Nicodemus National Historic Site,7,42,126,189,285,677,941,434,258,369,104,108
nisi,Ninety Six National Historic Site,4278,4672,8167,11488,10806,8717,8132,9216,8751,9145,7797,6126
niob,Niobrara National Scenic River,790,440,1344,1465,5669,9899,18345,13219,6941,1719,622,359
noat,Noatak National Preserve,898,895,764,808,978,1398,1750,1720,1538,1787,2669,2011
noca,North Cascades National Park,9,0,26,44,1241,4520,10656,12576,8581,373,101,81
ocmu,Ocmulgee Mounds National Historical Park,2601,7754,15866,15623,12824,11373,9642,10331,28184,11079,14163,7485
olym,Olympic National Park,72725,73756,113720,159983,307426,499728,517058,737996,399907,182944,108204,72359
orca,Oregon Caves National Monument & Preserve,567,945,2975,3838,8388,8077,9729,8566,5464,10344,3885,2228
orpi,Organ Pipe Cactus National Monument,32892,32886,41890,17564,17723,16421,15255,14918,14109,19594,19161,20773
ozar,Ozark National Scenic Riverways,17725,20350,47241,66417,93998,168258,266730,243155,132415,72543,63531,29126
pais,Padre Island National Seashore,23234,31502,45111,55392,54426,78287,90626,64235,36250,37707,26445,33084
paal,Palo Alto Battlefield National Historical Park,10804,10433,16744,6538,9254,27911,26494,8856,8612,10042,8134,5911
pagr,Paterson Great Falls National Historical Park,6564,11456,10610,15608,13691,40051,42046,46204,51278,19210,15058,5209
peri,Pea Ridge National Military Park,3100,4679,10378,7822,12153,10564,12320,11040,9418,9278,7127,4874
valr,Pearl Harbor National Memorial,127852,122379,144685,139925,137527,150832,159687,147461,144656,149796,136920,154815
peco,Pecos National Historical Park,112,1309,3503,4010,4861,5173,6017,4628,4539,4811,2380,2491
paav,Pennsylvania Avenue,4182,5004,12556,13911,13366,13458,13817,11848,9922,12367,9588,5016
pevi,Perry's Victory & International Peace Memorial,696,666,938,1374,9423,26722,25719,31540,16910,4789,1290,1258
pete,Petersburg National Battlefield,9582,13288,25056,17743,21274,28860,24265,20797,20184,22672,16718,15252
pefo,Petrified Forest National Park,15341,21342,55187,56567,72802,95451,90546,62276,52525,57019,32092,32440
petr,Petroglyph National Monument,14959,18281,32242,32752,27970,26325,21602,19467,20587,36133,22300,21339
piro,Pictured Rocks National Lakeshore,18635,20092,18510,9860,43944,116857,211480,212635,128718,60334,5637,12013
pinn,Pinnacles National Park,1154,11735,24681,16234,19398,19061,13016,16795,14165,14084,14786,12115
pisp,Pipe Spring National Monument,114,706,2628,3371,3463,3605,3157,3163,3173,2901,851,350
pipe,Pipestone National Monument,2,250,1178,2458,10072,13185,16752,16235,8928,6250,1448,750
pisc,Piscataway Park,4584,14036,23060,22510,29192,32185,38905,43665,38702,47036,22684,13170
pore,Point Reyes National Seashore,151683,164704,137162,231762,215032,223966,234944,239426,214052,133226,162712,156632
poch,Port Chicago Naval Magazine National Memorial,15,77,0,47,62,0,322,121,6,32,89,59
wicl,President William Jefferson Clinton Birthplace Home National Historic Site,43,303,1205,757,974,1011,1185,810,534,732,538,666
prwi,Prince William Forest Park,10172,13515,24339,28683,35606,38491,46993,33056,34992,33554,24402,15890
puho,Puʻuhonua o Hōnaunau National Historical Park,3767,38282,40367,38050,36695,40720,40573,35051,35197,36543,34560,34605
puhe,Pu`ukohol&#257; Heiau National Historic Site,5620,14122,12879,12494,11663,9857,10789,11845,9684,11269,10728,12623
rabr,Rainbow Bridge National Monument,0,99,3945,7920,7920,18994,32104,19134,16394,7300,1253,45
redw,Redwood National and State Parks,17129,17768,30938,33179,62796,76137,69750,55227,55568,42048,24430,19752
rich,Richmond National Battlefield Park,10099,12905,14733,18381,18529,21371,20415,20383,19541,16283,12129,12473
rigr,Rio Grande Wild & Scenic River,6,54,194,7,0,0,0,3,34,10,14,2
rira,River Raisin National Battlefield Park,16693,12619,16607,18343,22929,24148,23827,28671,19473,18170,12428,12446
rocr,Rock Creek Park,130686,126438,181709,187505,207784,269196,296541,293243,246054,205315,157363,114398
romo,Rocky Mountain National Park,118152,99873,146414,160259,280351,698224,973992,830039,752320,374003,123376,113050
rowi,Roger Williams National Memorial,116,1634,2206,4717,5156,8622,9211,8918,6317,7254,3522,1746
rori,Rosie the Riveter WWII Home Front National Historical Park,263,4372,5547,5833,4712,5102,4669,5580,3700,3294,4042,3290
ruca,Russell Cave National Monument,194,1088,1739,1530,2234,1777,1705,1085,1240,2021,1315,714
sahi,Sagamore Hill National Historic Site,135,1952,1987,3071,4363,3551,5429,4436,4325,4101,1967,1421
sagu,Saguaro National Park,48968,149371,186275,117802,75838,49481,48553,51309,44812,64529,87053,96235
sacr,Saint Croix Island International Historic Site,0,0,0,0,1052,1644,2671,2657,2251,1338,0,0
sacn,Saint Croix National Scenic Riverway,609,151,211,24746,84689,128517,159457,139884,81626,14345,3588,435
sapa,Saint Paul's Church National Historic Site,160,2025,1975,1160,2365,2170,1320,930,910,2777,1465,1280
saga,Saint-Gaudens National Historical Park,195,253,260,385,1366,4510,5870,8303,5340,4545,510,222
sama,Salem Maritime National Historic Site,422,4402,7891,14802,20634,36138,45454,40384,36971,113216,14074,4850
sapu,Salinas Pueblo Missions National Monument,419,2032,2569,2850,3707,3428,3050,2907,2599,4092,2144,1875
sari,Salt River Bay National Historical Park and Ecological Preserve,436,404,683,540,584,592,690,415,142,171,292,266
saan,San Antonio Missions National Historical Park,98469,92155,131454,106123,73066,156241,78215,141464,106664,108959,88251,100060
safr,San Francisco Maritime National Historical Park,34396,264354,290964,365334,358395,378036,562111,553994,329370,322157,279830,277657
sajh,San Juan Island National Historical Park,7223,7026,12773,18772,26002,52473,47112,36769,13536,27989,12982,29850
saju,San Juan National Historic Site,131145,114584,144548,110758,87622,105643,96896,89465,45912,68492,77511,124769
sand,Sand Creek Massacre National Historic Site,55,154,285,387,577,864,837,671,799,534,408,130
samo,Santa Monica Mountains National Recreation Area,50606,54601,71201,75278,84594,69118,58938,54930,50474,54416,46000,37410
sara,Saratoga National Historical Park,3165,6036,6545,7100,11647,17898,35516,24443,10259,9764,6130,6615
sair,Saugus Iron Works National Historic Site,150,372,481,534,375,1342,1195,1434,1230,1037,0,0
scbl,Scotts Bluff National Monument,1868,1869,6421,8470,15616,26314,33926,28917,21467,11050,3912,6177
shen,Shenandoah National Park,20245,10264,38601,102672,150297,170492,167335,195579,176271,236554,127014,30183
shil,Shiloh National Military Park,20632,21315,29570,42490,26862,36093,40073,31208,25924,28329,37451,21042
sitk,Sitka National Historical Park,310,4169,5819,4534,29048,45134,51359,47134,31386,6476,4408,3099
slbe,Sleeping Bear Dunes National Lakeshore,10663,11830,23057,31584,73147,200494,499376,397417,187498,105630,16318,12987
spar,Springfield Armory National Historic Site,56,981,1277,1316,1448,2744,3203,2660,2698,2247,1382,967
stli,Statue Of Liberty National Monument,155691,154755,279547,397540,421176,487809,567256,541258,359037,350174,253489,272729
stea,Steamtown National Historic Site,1091,2950,4542,7264,10066,13036,15712,16327,11206,10454,7493,5262
stri,Stones River National Battlefield,5865,16279,23348,30843,24830,27984,27007,29132,27172,34706,21261,16089
ston,Stonewall National Monument,0,0,0,0,12118,2023362,18660,24560,5000,5229,0,0
sucr,Sunset Crater Volcano National Monument,564,2469,11628,13274,12087,14393,14493,10855,11881,10378,2852,3505
tapr,Tallgrass Prairie National Preserve,245,379,1447,2455,3462,5677,4822,3820,4254,4225,2137,827
thko,Thaddeus Kosciuszko National Memorial,0,0,0,0,309,266,339,368,322,317,0,0
thrb,Theodore Roosevelt Birthplace National Historic Site,189,2013,2907,2393,2666,2330,2677,2702,1793,2282,1988,2038
thri,Theodore Roosevelt Inaugural National Historic Site,1349,1304,1686,1879,2455,3089,3189,2803,2787,2190,1704,2559
this,Theodore Roosevelt Island,10000,6500,10500,15500,10000,13000,13500,14000,15500,15500,15000,12500
thro,Theodore Roosevelt National Park,2515,1187,5935,10516,75682,134590,149425,135584,110576,46043,17086,2519
edis,Thomas Edison National Historical Park,1957,1957,2560,3295,3408,4792,5067,6102,2603,3106,4197,3180
thst,Thomas Stone National Historic Site,108,167,352,1137,786,695,594,539,1493,1053,568,528
tica,Timpanogos Cave National Monument,430,455,869,2787,4543,15220,28600,22965,17815,8083,834,911
timu,Timucuan Ecological & Historic Preserve,69470,78119,116813,117529,132210,128431,141200,85058,72852,94523,90214,78646
tont,Tonto National Monument,467,4437,8322,4354,2593,965,0,86,1212,2009,2081,2327
tuma,Tumacácori National Historical Park,752,5037,6231,4548,3427,1499,1231,1245,1683,2646,3169,8236
tuai,Tuskegee Airmen National Historic Site,126,2391,3801,3351,3181,3195,3610,1814,2073,2171,3217,1167
tuin,Tuskegee Institute National Historic Site,423,3380,6654,7149,1774,3009,3918,1256,1546,3849,2576,861
tuzi,Tuzigoot National Monument,1234,7253,14716,12329,10477,6924,6607,5638,7128,10453,8955,6824
ulsg,Ulysses S Grant National Historic Site,87,1338,2529,3238,5491,5418,5886,4872,3184,3277,2350,1779
upde,Upper Delaware Scenic & Recreational River,2463,4254,5224,5705,22313,27979,54306,49557,30406,8998,2003,2329
vafo,Valley Forge National Historical Park,30701,55154,168632,159434,190681,218531,346020,355046,232761,247953,149850,105181
vama,Vanderbilt Mansion National Historic Site,160,22763,24580,27359,37694,30354,36813,37928,32632,43203,20817,12519
vick,Vicksburg National Military Park,38900,35128,51942,57040,60368,68528,49592,41572,40908,30800,53758,47920
vive,Vietnam Veterans Memorial,113056,141856,360480,567307,635915,588043,442837,409536,314635,467861,338144,200917
viis,Virgin Islands National Park,350,5753,5583,13680,10437,10047,8191,18599,7376,13496,16768,23118
voya,Voyageurs National Park,4458,7602,3214,213,28198,47387,52031,50586,25517,11047,2472,249
waco,Waco Mammoth National Monument,4845,6623,19524,9966,12217,12717,11247,6120,5025,9075,7076,6896
waca,Walnut Canyon National Monument,362,6467,19531,18723,12429,17327,18238,13506,13837,16227,11808,3878
wapa,War In The Pacific National Historical Park,34289,34313,38176,34069,39562,34521,40087,35205,34966,33713,34119,39193
wamo,Washington Monument,0,0,0,0,0,0,0,0,16208,26627,31568,34007
waba,Washita Battlefield National Historic Site,286,391,1071,895,808,1138,1049,753,663,875,779,411
wefa,Weir Farm National Historic Site,930,800,1156,2510,4972,5404,5079,6197,4180,5297,1150,1025
whis,Whiskeytown National Recreation Area,21107,26275,54862,65872,62060,100366,119342,100506,43462,39514,31986,21807
whho,President's Park (White House),1101,16967,43263,81889,41624,41176,45456,25502,31923,44966,30824,49426
whsa,White Sands National Park,4693,35531,83712,62811,64344,62127,66363,48510,43009,50053,38575,49057
whmi,Whitman Mission National Historic Site,585,956,2746,5203,7617,7270,5696,4917,5395,4440,2324,1332
wiho,William Howard Taft National Historic Site,86,1199,2148,2509,3420,4296,4919,3726,3205,2897,2018,1973
wicr,Wilson's Creek National Battlefield,7964,6743,11996,18162,19988,23302,25600,47190,27678,26524,7297,10394
wica,Wind Cave National Park,11431,14127,21375,54922,48780,125106,146531,92237,55196,23537,10950,11158
wotr,Wolf Trap National Park for the Performing Arts,560,1314,553,910,33445,67886,127291,125568,36991,878,893,6291
wori,Women's Rights National Historical Park,13,473,1759,1900,3458,5247,8863,5821,3935,4493,1551,1551
wwii,World War II Memorial,104224,137856,341941,624907,664853,611893,513557,476704,417515,395573,324405,217899
wrst,Wrangell - St Elias National Park & Preserve,25,95,230,520,4572,16445,23372,20779,7855,530,60,35
wrbr,Wright Brothers National Memorial,1277,7318,22091,44568,48488,57921,68666,63836,27828,30051,16697,11394
wupa,Wupatki National Monument,724,4243,17447,14767,14117,27113,26993,24528,24543,15377,9772,7435
yell,Yellowstone National Park,33896,31650,28695,48150,434385,781853,936062,820006,693118,171339,15628,25506
yose,Yosemite National Park,116746,111665,173610,297207,393004,496625,717462,703153,584664,448939,230598,149188
yuch,Yukon - Charley Rivers National Preserve,6,72,46,37,14,182,354,246,157,0,0,0
zion,Zion National Park,98828,102269,296316,372349,529553,594896,629802,535322,497443,429604,230180,171706
